rank,epoch,epoch_time,dataloading_time,forward_time,backward_time
7,0,6032.4436679750215,9.344392459490336,1578.132968609454,4258.682132370537
6,0,6032.445154679008,9.183372572762892,1479.3060129054356,4258.938982337248
0,0,6032.446597352973,7.6528466389281675,1338.7548179745208,4259.195761291892
2,0,6032.446688081953,10.14872684457805,1396.2064653991256,4258.5064972589025
5,0,6032.452734365012,9.703430334222503,1475.7888118280098,4258.6066442916635
4,0,6032.4542912370525,10.12933537515346,1533.6091913231649,4257.71584300464
1,0,6032.454442076036,9.599857690162025,1378.196234828094,4258.844053507433
3,0,6032.456173385959,10.33452224591747,1476.4251985928277,4257.381615589373
