rank,epoch,epoch_time,dataloading_time,forward_time,backward_time
6,0,6980.419681555126,16.728093798737973,1586.9218648872338,4593.015315382276
0,0,6980.4215950341895,15.749412838369608,1543.9121960636694,4594.478115992621
7,0,6980.421946570976,15.157246389426291,1855.9955385217909,4593.164083954878
2,0,6980.423704782035,14.520198627142236,1613.9113068981096,4592.467077565379
4,0,6980.430023915134,16.221283925697207,1592.1255820854567,4591.935506240465
1,0,6980.429875707021,15.364169746404514,1581.6722549365368,4592.658151275944
5,0,6980.432941395091,12.73038220917806,1656.6855179420672,4591.010654113488
3,0,6980.433174482081,18.315092319156975,1770.9462819518521,4593.9361019223
