rank,epoch,epoch_time,dataloading_time,forward_time,backward_time
6,0,4855.416952150874,5.647321246797219,1652.7940082785208,2564.475246168673
7,0,4855.417033649981,6.628014605958015,1797.184960496379,2566.682342706714
2,0,4855.419044459937,7.537085473537445,1586.688488677959,2569.7407493279316
0,0,4855.421028458863,7.092844028840773,1599.472930521937,2575.6357985124923
4,0,4855.423741601058,8.482242944068275,1615.4127297167433,2576.543568177265
1,0,4855.425672360929,9.330486748600379,1587.7857253289549,2578.1240081043215
5,0,4855.428361694096,5.795323790051043,1651.1538877774728,2565.521777133108
3,0,4855.429020147072,8.521487521589734,1718.814414757304,2576.7346078838455
