rank,epoch,epoch_time,dataloading_time,forward_time,backward_time
0,0,3718.178435639944,8.577758280443959,886.8771273127059,2370.4353247006657
6,0,3718.180470057996,10.000328696914949,985.1514520758064,2368.968774048728
7,0,3718.1808696329826,9.87121497199405,1048.0138148977421,2368.8763922210783
2,0,3718.1831801580265,9.400753593072295,929.0722767214756,2369.138307985151
1,0,3718.1910154509824,10.13016990548931,915.4700795153622,2369.180605622707
4,0,3718.1915410249494,9.376296103466302,1014.5124854802852,2368.9503262947546
5,0,3718.1928037309553,9.962716091773473,976.5186013642233,2369.0154279263224
3,0,3718.1931775270496,8.599137434735894,981.4018632571679,2368.9218954924727
