rank,epoch,epoch_time,dataloading_time,forward_time,backward_time
6,0,5630.137510075001,11.51764169742819,982.9250681253616,3966.640406350838
0,0,5630.137975530932,9.1365183359012,889.2661052453332,3861.3268534024246
2,0,5630.138080330915,12.027320889988914,926.7992483067792,3856.202946784906
7,0,5630.139750088099,10.532939972705208,1050.3651771020377,3892.2510010561673
4,0,5630.145685355063,11.500691112829372,1017.5283781434409,3872.460920159938
1,0,5630.146079031983,11.68786435679067,914.8567321726587,3885.249042363721
5,0,5630.1478499691,12.017892276751809,976.4033927144483,3888.815194643219
3,0,5630.149117778987,11.490227228612639,979.0587316708406,3848.7391011725413
