rank,epoch,epoch_time,dataloading_time,forward_time,backward_time
6,0,3789.0735661570216,18.9755384469172,957.1663573483238,2590.7977765735704
7,0,3789.1002258539665,8.77299842517823,1027.1698612122564,2605.8161097082775
1,0,3789.1011043229373,13.896569511853158,890.0154826128855,2595.937475220766
2,0,3789.1042822538875,14.256865081260912,906.0748882531188,2596.3405817374587
0,0,3789.1050470250193,16.463492903625593,863.9954383396544,2591.836081493413
3,0,3789.107732632896,17.01015982509125,955.0595733359223,2592.8203574820654
4,0,3789.1096734990133,12.744460742454976,989.8773315552389,2598.4950792266754
5,0,3789.113622261095,9.592892497195862,955.6437146082753,2603.4913459123345
