rank,epoch,epoch_time,dataloading_time,forward_time,backward_time
6,0,4403.767363363993,9.869037812575698,979.9563327124342,2734.9782097613206
0,0,4403.7699591550045,9.121894525596872,883.6774484148482,2735.2994804185582
2,0,4403.770316920942,9.038446730119176,924.649049669737,2735.226959115127
7,0,4403.771331900032,9.581609848653898,1049.593043838162,2735.0814071611967
1,0,4403.776206935989,9.47858594916761,914.0776080691721,2734.975534186582
4,0,4403.77686554892,7.683208637288772,1010.6144948615693,2734.4009388547856
5,0,4403.779738807003,9.024052011081949,973.7489984622225,2734.705935606733
3,0,4403.7811367420945,7.699203391908668,978.4860829353565,2734.691661902587
