rank,epoch,epoch_time,dataloading_time,forward_time,backward_time
6,0,3759.239847249002,10.82338515133597,980.9027334448183,2375.308774503763
7,0,3759.240302614053,10.72285341389943,1047.4434698491823,2374.7047144611133
0,0,3759.2426776380744,9.352670621592551,888.9320216646884,2376.9422309254296
2,0,3759.2448440439766,10.675980074214749,925.8219113332452,2375.974409190356
1,0,3759.2533903309377,9.072778659290634,910.9658433155855,2375.509766870877
5,0,3759.254826324992,8.48340449645184,979.3905515157385,2375.7288212218555
3,0,3759.25509212201,9.926485169795342,979.4998557539657,2375.658133003046
4,0,3759.255339999101,10.078943123691715,1015.4307529863436,2375.6862861725967
