rank,epoch,epoch_time,dataloading_time,forward_time,backward_time
1,0,7761.820969150169,26.414668582146987,1427.3667042329907,5771.577270449838
2,0,7761.892723601079,33.10087779490277,1440.8182870727032,5761.590105575742
5,0,7761.943879868137,31.316596928518265,1541.0868095278274,5761.361050309148
7,0,7762.04068520898,18.31536579062231,1533.1833429050166,5776.083349449094
3,0,7762.0878468549345,37.81843782635406,1464.378784037428,5758.042021980975
6,0,7762.109356350033,26.12441660091281,1493.3048762027174,5772.499111422105
4,0,7762.170876543969,37.74725889833644,1621.406523726415,5761.903107688995
0,0,7763.803727870109,14.732781368074939,1417.1574994705152,5772.005210499046
