rank,epoch,epoch_time,dataloading_time,forward_time,backward_time
7,0,14092.071324089775,20.23330394923687,2504.5505125150084,10574.91725788312
6,0,14092.081327926833,25.44323202641681,2407.960369084496,10597.217846530257
4,0,14092.08325437503,34.21608140459284,2647.3839006484486,10587.450639256276
5,0,14092.087241508998,29.77544283005409,2467.18209197931,10591.95810175687
1,0,14092.325960805872,26.10383462603204,2278.2260432492476,10589.281421980122
3,0,14092.344433595892,34.64775107544847,2359.0240929103456,10587.580763147445
2,0,14092.381621422945,29.90286374418065,2371.277559890412,10565.018292404013
0,0,14094.136905608,14.884475101949647,2238.799555561738,10599.464739716379
