rank,epoch,epoch_time,dataloading_time,forward_time,backward_time
2,0,14567.627979738172,79.69227096880786,1181.1750137936324,5037.968187698396
6,0,14567.65628432203,144.7909939137753,1197.5338206596207,5035.861870240187
3,0,14567.697102134814,12.62302796705626,1149.106759465998,5058.314619780518
5,0,14567.710298198042,70.4138036526274,1193.2625618986785,5051.983216372086
7,0,14567.754089709837,190.27394355717115,1206.5144023715984,5057.177094191546
1,0,14567.757931479951,148.45230114250444,1111.6551904215012,5062.782553115161
4,0,14567.772703285096,12.565085026668385,1299.5735785982106,5033.359908511862
0,0,14568.53274499881,180.9112050025724,1113.2149672689848,5059.540534140775
