rank,epoch,epoch_time,dataloading_time,forward_time,backward_time
2,0,9205.566597881028,18.333882136736065,2556.795658793766,6355.802838901291
6,0,9205.636702950113,18.191791262011975,2567.761143942829,6354.073436362203
3,0,9205.667880204972,18.500757220666856,2585.7658365913667,6360.815848837374
5,0,9205.734537479002,17.86023207101971,2611.176558460109,6354.6318929221015
7,0,9205.754041425884,17.90123917697929,2575.588746166788,6358.001112507423
1,0,9205.760985963047,18.781473473878577,2561.927264788421,6359.49445578875
4,0,9205.776335613104,18.252357901772484,2633.8092010044493,6357.033829281339
0,0,9205.99563799589,11.934728966327384,2567.8040886970703,6355.962645830121
