rank,epoch,epoch_time,dataloading_time,forward_time,backward_time
2,0,14187.912526299944,86.95263738953508,1148.0194145161659,4981.935922682518
6,0,14187.950516160112,144.60027043148875,1144.3747758576646,4981.211146082263
3,0,14187.98605229496,12.839142258046195,1157.7174266753718,4980.5723910965025
5,0,14188.000478356145,78.677795388503,1167.2474871762097,4977.962306718109
7,0,14188.047382795019,161.76721405494027,1153.5627100486308,4978.175322988071
1,0,14188.048754760996,144.49224195466377,1112.1684426655993,4987.142012502532
4,0,14188.059477920877,13.786112523870543,1233.8708198845852,4987.246040204773
0,0,14188.713790521026,153.20034470339306,1120.3097883134615,4971.475694802124
