rank,epoch,epoch_time,dataloading_time,forward_time,backward_time
2,0,12874.851377383806,19.998435631161556,2614.774848025758,9972.888792522717
6,0,12874.881214547204,20.56935620913282,2602.6910032113083,9978.330098259728
3,0,12874.925143749919,20.11398650170304,2621.84251976409,9974.970667580375
5,0,12874.986433730926,20.681804769672453,2623.9180837357417,9975.120161613217
7,0,12875.012882716954,19.18169500841759,2642.529289786704,9975.065698159393
1,0,12875.024131763028,18.732730939053,2624.1639196949545,9974.374083650531
4,0,12875.032750362065,20.887947506969795,2686.0551752073225,9975.505914943991
0,0,12875.097961948952,12.539022987475619,2628.974832639098,9975.424137147376
