rank,epoch,epoch_time,dataloading_time,forward_time,backward_time
2,0,13381.805563927977,30.468643980799243,3296.832284078002,7527.103794416529
7,0,13381.808532016934,26.354238180909306,3338.6030875619035,7519.918123873649
3,0,13381.81113318901,29.01052687317133,3263.842550160596,7524.389605604229
1,0,13381.812308566994,29.1273795934394,3292.2429645753,7525.281632465543
4,0,13381.813369256095,30.644674628973007,3258.778758093016,7530.553420949145
0,0,13381.816164607066,13.640144569799304,3317.67082379316,7526.997425954556
5,0,13381.819561640965,29.5531725094188,3305.740703042946,7527.1791876326315
6,0,13381.820323774009,28.820981927681714,3303.0062839461025,7527.200712502585
