rank,epoch,epoch_time,dataloading_time,forward_time,backward_time
2,0,18593.526974973967,25.40641937975306,3271.4787134123035,13961.245754019357
1,0,18593.531333109946,28.454848185530864,3217.7091845818795,13968.684428613866
7,0,18593.532596217003,23.301475502201356,3261.365364601603,13956.931336927228
0,0,18593.53570996609,13.755124145303853,3316.9363008836517,13962.400241703028
3,0,18593.536773725995,22.81647629989311,3351.32705672225,13963.631522954209
4,0,18593.537254660972,26.873036924749613,3249.392737877555,13966.454695841065
6,0,18593.54193672305,26.0659964424558,3268.3658666264964,13964.379590425291
5,0,18593.544606196927,26.05677793128416,3244.4756298491266,13963.774838378537
