rank,epoch,epoch_time,dataloading_time,forward_time,backward_time
0,0,14820.27163686906,21.439089381019585,1940.9716502296505,11508.325882003526
2,0,14820.308643639903,53.21903448342346,2058.2979340349557,11489.151466693147
1,0,14820.313889993005,62.580858690897,2012.2854794559535,11484.891519260593
7,0,14820.314157349989,67.70046257297508,2222.304425977636,11479.41037526005
3,0,14820.326571854996,47.82003764458932,2120.4072552940343,11498.23084509105
6,0,14820.329400515999,60.37612328364048,2174.625988078071,11486.901609154302
4,0,14820.333726849058,49.368530321866274,2425.570624366752,11495.666023051483
5,0,14820.33846349793,51.76896105671767,2196.3653179010144,11487.539760287153
