rank,epoch,epoch_time,dataloading_time,forward_time,backward_time
3,0,9825.827483767061,29.36075284727849,1302.2307586079696,5976.392351596151
2,0,9825.82959354599,30.14638752990868,1263.050587462145,5978.54117972136
4,0,9825.834853773937,29.00682025332935,1502.6050552944653,5980.634727088385
7,0,9825.841206270969,31.04756021744106,1363.6095303572947,5978.9571323862765
1,0,9825.842557707918,33.31953558442183,1237.4467061231844,5977.163272501901
5,0,9825.842972873943,30.9159080600366,1351.3167170616798,5975.530454931781
6,0,9825.845256461063,31.167847680742852,1332.518239221652,5979.249329411075
0,0,9825.848790265969,17.706313862814568,1199.504274162231,5981.114003745723
