rank,epoch,epoch_time,dataloading_time,forward_time,backward_time
2,0,15491.67242473003,33.4489347783383,1261.922711335239,11473.043247458525
1,0,15491.685732109006,36.37646522128489,1234.6097813015804,11209.446169346687
7,0,15491.687958561,20.21016328188125,1371.9699046902824,11531.870309047983
0,0,15491.689883855986,20.757053033681586,1191.495384904556,11230.085395839647
3,0,15491.69034953101,29.958242963417433,1305.9736527337227,11305.373931497335
4,0,15491.693364075967,31.204415606916882,1493.1405542343855,11352.217561313999
6,0,15491.700037739938,31.742000137572177,1334.6300704368623,11355.0031817212
5,0,15491.704358443967,33.23998481524177,1349.4117352713365,11424.40170872386
