rank,epoch,epoch_time,dataloading_time,forward_time,backward_time
3,0,9771.18469258002,22.942303789313883,1300.9568834742531,5924.992350974237
2,0,9771.185477542924,26.65003247745335,1265.5733833520208,5926.005668465281
7,0,9771.19169906096,33.35490398562979,1360.567946861731,5925.221795357997
4,0,9771.192641652073,24.406087609706447,1493.266044732416,5926.030643767328
1,0,9771.192888249061,30.7715186503483,1235.0965090014506,5924.481961270911
5,0,9771.195031757932,26.274634619941935,1358.6322891559685,5928.6423140798
6,0,9771.195106186904,28.946510769077577,1333.2952205446782,5924.92059419991
0,0,9771.202166007017,19.449694409384392,1191.938922994188,5924.995118417428
