rank,epoch,epoch_time,dataloading_time,forward_time,backward_time
3,0,10841.742627624073,27.45503702631686,1301.2482750385534,6987.417156166397
2,0,10841.743766520987,31.13666397985071,1260.0180757768685,6988.684222056181
7,0,10841.74481571,34.01540331484284,1367.166424605879,6992.436970480136
5,0,10841.744994258042,33.44749062333722,1357.5011119735427,6990.171046714298
4,0,10841.745705811074,29.707313677528873,1490.423051787424,6987.48597890581
6,0,10841.75007200602,33.067634364706464,1337.418067358667,6990.023220732808
0,0,10841.750562031986,23.15058419771958,1191.7495727878995,6987.851171812625
1,0,10841.751745518995,30.49914285854902,1240.4413973655319,6990.032947783824
