rank,epoch,epoch_time,dataloading_time,forward_time,backward_time
6,0,8943.790068282979,53.50034337781835,1310.5066506029107,6810.800498551223
3,0,8943.948969288962,44.81132301513571,1281.324050028692,6819.702045817743
0,0,8943.951315834885,19.029937520157546,1179.5706263812026,6822.946567542269
2,0,8943.992904730956,39.30041564430576,1244.7904321365058,6825.516330332495
1,0,8943.994541994063,57.13360363908578,1212.4764973196434,6808.189311375143
7,0,8944.005377663998,49.39820625947323,1343.227706610458,6814.702682765201
5,0,8944.006442032987,50.30135096295271,1332.1015584048582,6814.94408443768
4,0,8944.007828008966,53.867851891205646,1468.4196141917491,6810.273810510174
