rank,epoch,epoch_time,dataloading_time,forward_time,backward_time
0,0,6403.639543028083,67.8742951459717,373.5348869075533,2078.001575579401
2,0,6403.703986420995,44.59648758172989,390.5834335095715,2077.121076541487
3,0,6403.711151035968,7.831923657329753,408.0319163030945,2077.1523592472076
6,0,6403.713027287042,70.78183828340843,398.2570850662887,2077.168178476859
1,0,6403.729996381095,69.25181180657819,387.18008036515675,2077.79840469989
5,0,6403.739768358879,39.8365976754576,413.0311337253079,2077.556977792643
4,0,6403.75928319688,7.528457350330427,434.9512659104075,2077.3882328784093
7,0,6403.771602238994,69.80669352784753,422.48102882434614,2077.760372481309
