rank,epoch,epoch_time,dataloading_time,forward_time,backward_time
3,0,7934.672595997108,48.605312421452254,404.06516732042655,3437.108508370351
2,0,7934.681937057059,62.75414645252749,395.0610917713493,3529.6613295800053
0,0,7934.692255116999,17.882934683235362,386.1726078251377,3531.900429944508
5,0,7934.698688434903,60.788695357739925,410.81782692624256,3407.3836581497453
6,0,7934.709873426938,48.06795828533359,407.9255207735114,3530.37737677712
1,0,7934.715680470923,44.22908724239096,385.34322804026306,3487.726090537384
4,0,7934.770359291928,48.64738335320726,444.7146182327997,3495.563676624326
7,0,7934.781038957881,19.700603880919516,415.95913261547685,3524.3999068816192
