rank,epoch,epoch_time,dataloading_time,forward_time,backward_time
1,0,5459.950944228098,8.594681394752115,1031.3742584043648,4262.868175017182
4,0,5460.120304971933,7.533584912773222,1081.3211971921846,4263.106319085928
3,0,5460.124165815068,8.606701388722286,1051.7984254122712,4262.782759256428
7,0,5460.172046783147,8.572647756198421,1062.1200943514705,4263.246954401955
2,0,5460.27495387895,8.19725037412718,1037.5205574538559,4262.588868543506
5,0,5460.282446076861,8.399244253523648,1057.6569830202498,4262.833182128612
6,0,5460.30161826103,8.164252792485058,1056.0371983717196,4262.611715495586
0,0,5460.366881841095,6.4257263210602105,1030.6915879421867,4263.042249726364
