rank,epoch,epoch_time,dataloading_time,forward_time,backward_time
1,0,6144.234124021139,71.24374631722458,381.62868764577433,1828.9150968105532
3,0,6144.352248495212,5.66405861848034,400.03886933322065,1828.6707041843329
4,0,6144.459385074908,5.445422627730295,438.04932569363154,1828.7866376603488
7,0,6144.485731153982,87.77519623562694,411.76659482205287,1828.8129595955834
0,0,6144.503043388948,85.66001576301642,375.6526869223453,1828.8103947022464
2,0,6144.520210835151,40.65906056878157,389.8692390564829,1828.7607484189793
6,0,6144.576713206945,70.66761839180253,410.86248289817013,1828.812082925113
5,0,6144.597438209923,35.9256687334273,411.30068171513267,1828.9483860882465
