rank,epoch,epoch_time,dataloading_time,forward_time,backward_time
1,0,2557.2773092680145,9.849070397671312,320.5357460761443,1969.6400042201858
3,0,2557.4712085512,17.058690945617855,330.3239436468575,1962.2511979381088
4,0,2557.4864773049485,18.87297204346396,354.1667908774689,1960.524512194097
7,0,2557.580996087985,10.095876179635525,338.9481257428415,1969.4477065578103
2,0,2557.6203065500595,14.136072335764766,327.59628659230657,1965.2905796263367
6,0,2557.663553711027,10.723688315367326,343.5423553918954,1968.382053877227
5,0,2557.6861160160042,12.86051113391295,342.02703282795846,1966.2687703059055
0,0,2557.738776462851,8.620506752282381,305.75695534492843,1970.0911952985916
