rank,epoch,epoch_time,dataloading_time,forward_time,backward_time
1,0,3716.3924092620146,6.128629651619121,1033.3851663870737,2527.639509033179
4,0,3716.577378420159,5.867531800176948,1077.2991896111052,2527.6788707526866
3,0,3716.602538883919,6.548650813056156,1049.05514607043,2528.6105933862273
7,0,3716.6387666689698,6.251794499810785,1063.511745877564,2527.868254221976
2,0,3716.7603468571324,6.008874585852027,1037.6670061675832,2527.6264584779274
5,0,3716.7716675950214,6.116869404911995,1052.4439942780882,2527.831296774093
6,0,3716.7843519609887,6.178478283574805,1057.4991107420065,2528.304475300014
0,0,3716.873764258111,5.481966130435467,1027.930313229328,2527.5137392741162
