rank,epoch,epoch_time,dataloading_time,forward_time,backward_time
3,0,4273.925738843158,12.547438323963434,471.263474652078,3519.107855715556
1,0,4273.948655893095,10.6653225957416,440.9019209826365,3520.982385084033
2,0,4273.9519879869185,11.995311866514385,455.08063553390093,3519.711832833709
6,0,4273.957337039057,9.819030214799568,487.5210907601286,3521.462973899208
7,0,4273.963306464022,8.62195203313604,479.17397647420876,3523.280511296587
4,0,4274.082500774879,12.69704871578142,504.79526161705144,3518.8795337562915
0,0,4274.106311706128,7.695502763148397,428.7551819991786,3523.1296648967545
5,0,4274.183964008931,11.85154695622623,474.05680103157647,3519.78397096158
