rank,epoch,epoch_time,dataloading_time,forward_time,backward_time
1,0,6305.322284186026,73.72677730559371,387.0600789396558,1839.117674649693
3,0,6305.437521599,5.8572763772681355,402.3020527281333,1838.8391590449028
4,0,6305.538001034176,5.652118587167934,448.68653979199007,1838.8665471901186
7,0,6305.565719185164,94.246209025383,418.2738731915597,1838.8118543466553
0,0,6305.592529686168,91.84644260630012,378.99552340921946,1838.8062711360399
2,0,6305.593059651088,41.043323673307896,398.2842541662976,1838.7965144691989
6,0,6305.65127879614,72.52520521217957,411.7406218878459,1838.866030414356
5,0,6305.671551469015,36.43956737080589,415.2203729650937,1838.921879439149
